{"cameraMode":{"drawMode":0,"name":"Shaded","section":"Shading Mode"},"sceneLighting":false,"audioPlay":false,"sceneViewState":{"showFog":true,"showMaterialUpdate":false,"showSkybox":false,"showFlares":true,"showImageEffects":true,"showParticleSystems":true},"in2DMode":false,"pivot":{"x":0.11999988555908203,"y":3.0139999389648439,"z":-5.550000190734863},"rotation":{"x":-0.25096821784973147,"y":-0.701054036617279,"z":0.29368284344673159,"w":-0.5994403958320618},"size":4.414929389953613,"orthographic":false}