{"cameraMode":{"drawMode":0,"name":"Shaded","section":"Shading Mode"},"sceneLighting":true,"audioPlay":false,"sceneViewState":{"showFog":true,"showMaterialUpdate":false,"showSkybox":true,"showFlares":true,"showImageEffects":true,"showParticleSystems":true},"in2DMode":false,"pivot":{"x":-17.94102668762207,"y":-91.45903778076172,"z":315.1643371582031},"rotation":{"x":0.14732946455478669,"y":-0.02966115064918995,"z":0.0043241651728749279,"w":0.9887248277664185},"size":190.76898193359376,"orthographic":false}