{"cameraMode":{"drawMode":0,"name":"Shaded","section":"Shading Mode"},"sceneLighting":false,"audioPlay":false,"sceneViewState":{"showFog":true,"showMaterialUpdate":false,"showSkybox":false,"showFlares":true,"showImageEffects":true,"showParticleSystems":true},"in2DMode":false,"pivot":{"x":377.4700622558594,"y":-186.4499969482422,"z":159.0623779296875},"rotation":{"x":0.33566734194755556,"y":0.012974443845450879,"z":-0.004766326863318682,"w":0.941970944404602},"size":10.0,"orthographic":false}