{"cameraMode":{"drawMode":0,"name":"Shaded","section":"Shading Mode"},"sceneLighting":false,"audioPlay":false,"sceneViewState":{"showFog":true,"showMaterialUpdate":false,"showSkybox":false,"showFlares":true,"showImageEffects":true,"showParticleSystems":true},"in2DMode":false,"pivot":{"x":377.4700622558594,"y":-190.78048706054688,"z":165.3123779296875},"rotation":{"x":0.33566734194755556,"y":0.012974443845450879,"z":-0.004766326863318682,"w":0.941970944404602},"size":1.3993027210235596,"orthographic":false}